[
  {
    "id": "23ac9b1f-6406-4679-91e8-ff1a61c3aa2b",
    "name": "Jira Cloud - Get User Account ID",
    "description": "Searches Jira user accounts with the provided email address and returns the user's Jira Account ID and Display Name",
    "icon": "/static/images/logos/JIRA.svg",
    "script": "/**\n * Step to query Jira Cloud for a user by email address and returns their Jira Account ID and Display Name\n */\n\nswitch (input['Continue On Error'].toLowerCase().trim()) { \n    case \"true\": case \"yes\": case \"1\": contOnError = true; break;\n    default: contOnError = false; \n}\n\ntry {\n    var queryUser = http.request({\n        endpoint: 'Jira Cloud',\n        method: 'GET',\n        path: '/rest/api/3/user/search?query=' + undefinedIfEmptyString(input['User Email'].trim())\n    });\n\n    var response = queryUser.write();\n    var respBody;\n    var cannotParseMsg = 'Unable to parse errors, see logs for details.';\n\n    if (response.statusCode >= 200 && response.statusCode < 300) {\n        try {\n            respBody = JSON.parse(response.body);\n        } catch (e) {\n            throw new Error(cannotParseMsg);\n        }\n        console.log('Found the following users:');\n        for (user in respBody) {\n            console.log(respBody[user].displayName);\n        }\n        if (respBody.length == 1) {\n            output['Jira User Account ID'] = respBody[0].accountId;\n            output['Jira User Display Name'] = respBody[0].displayName;\n        } else if (respBody.length > 1) {\n            throw new Error('More than one Jira account matched email ' + input['User Email']);\n        } else if (respBody.length == 0) {\n            throw new Error('No Jira accounts matched email ' + input['User Email']);\n        } else {\n            throw new Error(\n                'Failed to find user with email \"' + input['User Email'] + '\", '\n                + (parseableRespBody ? 'Jira Cloud returned ' : '')\n                + 'error code [' + response.statusCode + '] '\n                + (parseableRespBody ? 'and the following messages: ' : '')\n                + error\n            );\n        }\n    } else {\n        var error;\n        var parseableRespBody = true;\n        try {\n            respBody = JSON.parse(response.body);\n            error = respBody.errorMessages.length > 0 ? respBody.errorMessages.join(' ') : bundleErrors(respBody.errors);\n        } catch (e) {\n            parseableRespBody = false;\n            error = cannotParseMsg;\n        }\n        throw new Error(\n            'Failed to find user with email \"' + input['User Email'] + '\", '\n            + (parseableRespBody ? 'Jira Cloud returned ' : '')\n            + 'error code [' + response.statusCode + '] '\n            + (parseableRespBody ? 'and the following messages: ' : '')\n            + error\n        );\n    }\n} catch (err) {\n    if (contOnError == true) {\n        output['Jira User Account ID'] = '';\n        output['Jira User Display Name'] = '';\n        console.log(err.message);\n    } else {\n        throw new Error(err);\n    }\n}\n\nfunction bundleErrors(errors) {\n    var errorArray = [];\n    for (var key in errors) {\n        if (errors.hasOwnProperty(key)) {\n            errorArray.push(key + ': ' + errors[key]);\n        }\n    }\n    return errorArray.join(' ');\n}\n    \nfunction undefinedIfEmptyString(input) {\n    return input === '' ? undefined : input;\n}\n\n\n",
    "endpointAuthType": "BASIC",
    "endpointLabel": "Jira Cloud",
    "allowedEnvironment": "HOSTED",
    "accessibleByAll": "NotShared",
    "scriptStepType": "USER",
    "inputs": [
      {
        "id": "c4a9c4b3-c786-4507-beb6-cc031f07c2ab",
        "name": "User Email",
        "helpText": "User's email address",
        "defaultValue": "",
        "multiline": false,
        "required": true,
        "maxLength": 2000,
        "minLength": 0,
        "position": 0
      },
      {
        "id": "1781fa21-3863-46ef-b736-ef9386a4b5df",
        "name": "Continue On Error",
        "helpText": "(true | false) Continue flow if step has an error. Outputs will be empty.",
        "defaultValue": "false",
        "multiline": false,
        "required": false,
        "maxLength": 5,
        "minLength": 0,
        "position": 1
      }
    ],
    "outputs": [
      {
        "id": "767ee15d-5080-4159-a982-5e4634d98c35",
        "name": "Jira User Account ID",
        "description": "Key assigned to the issue in Jira Cloud. {key}",
        "position": 0
      },
      {
        "id": "67488511-4a3f-4987-9bc1-aa4fd42bf6b0",
        "name": "Jira User Display Name",
        "position": 1
      }
    ],
    "libraries": []
  }
]