{
  "name": "Get Jira User Account ID",
  "form": "ebf4ecc3-886b-45fa-88d4-63fa87312234",
  "blocks": [
    {
      "id": "40e4588f-879c-4a24-963b-f24a7adff5d7",
      "label": "Jira Cloud - Get User Account ID",
      "environment": "HOSTED",
      "presentation": "{\"w\":60,\"x\":295,\"h\":60,\"y\":101}",
      "step": "23ac9b1f-6406-4679-91e8-ff1a61c3aa2b",
      "stepType": "SCRIPT_STEP",
      "inputMappings": [
        {
          "inputPort": "input",
          "mapping": "false",
          "stepInput": "1781fa21-3863-46ef-b736-ef9386a4b5df"
        }
      ]
    }
  ]
}